seed,outcome,steps,states,positive_candidates,certificates,microseconds
0,stalled,3,4,618,0,568
1,stalled,3,4,563,3,2291
2,stalled,4,5,779,0,582
3,stalled,5,6,798,0,1230
4,stalled,2,3,584,0,188
5,stalled,2,3,609,0,122
6,stalled,4,5,790,0,774
7,stalled,1,2,393,0,77
8,stalled,2,3,674,0,1347
9,stalled,3,4,861,0,369
10,stalled,1,2,448,0,130
11,stalled,2,3,613,0,229
12,stalled,2,3,511,0,866
13,stalled,4,5,958,0,508
14,stalled,3,4,735,2,1084
15,stalled,3,4,830,0,165
16,stalled,3,4,636,0,802
17,stalled,2,3,510,1,537
18,stalled,3,4,734,0,779
19,stalled,2,3,577,0,200
20,stalled,3,4,752,0,749
21,stalled,3,4,644,2,619
22,stalled,2,3,510,0,217
23,stalled,2,3,610,0,95
24,stalled,2,3,598,0,151
25,stalled,2,3,574,0,286
26,stalled,2,3,534,0,167
27,stalled,6,7,996,5,1783
28,stalled,1,2,384,2,203
29,stalled,3,4,891,0,304
30,stalled,3,4,655,0,603
31,stalled,1,2,390,4,287
32,stalled,2,3,602,2,169
33,stalled,3,4,332,5,886
34,stalled,2,3,660,0,112
35,stalled,2,3,628,1,135
36,stalled,2,3,605,0,179
37,stalled,2,3,508,1,1277
38,stalled,2,3,484,3,1709
39,stalled,2,3,686,0,92
40,stalled,1,2,395,0,62
41,stalled,1,2,423,0,104
42,stalled,2,3,559,0,180
43,stalled,1,2,428,0,101
44,stalled,3,4,474,4,402
45,stalled,5,6,892,4,743
46,stalled,1,2,419,0,41
47,stalled,2,3,617,0,167
48,stalled,2,3,611,0,121
49,stalled,2,3,654,0,103
50,stalled,2,3,573,0,587
51,stalled,1,2,426,0,82
52,stalled,5,6,705,3,14161
53,stalled,7,8,1743,0,430
54,stalled,2,3,565,0,64
55,stalled,2,3,658,0,66
56,stalled,2,3,658,0,97
57,stalled,1,2,437,0,60
58,stalled,3,4,640,0,5417
59,stalled,2,3,624,0,109
60,stalled,3,4,797,0,152
61,stalled,5,6,923,0,800
62,stalled,2,3,654,0,102
63,stalled,3,4,773,1,268
64,stalled,1,2,435,0,41
65,stalled,1,2,326,0,193
66,stalled,1,2,415,0,59
67,stalled,7,8,982,0,2071
68,stalled,1,2,388,1,88
69,stalled,2,3,498,0,199
70,stalled,1,2,434,0,55
71,stalled,1,2,383,0,133
72,stalled,6,7,1203,2,966
73,stalled,4,5,896,3,424
74,stalled,1,2,442,0,58
75,stalled,2,3,675,0,125
76,stalled,2,3,587,0,84
77,stalled,2,3,624,0,269
78,stalled,1,2,439,0,50
79,stalled,6,7,962,11,660
80,stalled,2,3,575,0,168
81,stalled,1,2,445,0,64
82,stalled,1,2,399,0,62
83,stalled,2,3,604,0,79
84,stalled,5,6,1099,0,543
85,stalled,1,2,473,0,47
86,stalled,6,7,1320,0,516
87,stalled,4,5,532,3,1440
88,stalled,1,2,423,0,42
89,stalled,2,3,660,0,109
90,stalled,2,3,545,0,257
91,stalled,2,3,533,1,185
92,stalled,1,2,363,1,98
93,stalled,5,6,841,5,806
94,stalled,2,3,458,1,600
95,stalled,2,3,541,0,716
96,stalled,2,3,537,0,182
97,stalled,2,3,607,0,104
98,stalled,3,4,639,2,2285
99,stalled,1,2,375,0,42
100,stalled,2,3,604,0,309
101,stalled,2,3,674,0,113
102,stalled,2,3,599,0,98
103,stalled,2,3,644,0,105
104,stalled,3,4,778,0,807
105,stalled,1,2,375,0,50
106,stalled,4,5,933,0,6382
107,stalled,2,3,637,0,91
108,stalled,2,3,494,0,563
109,stalled,3,4,833,0,1346
110,stalled,1,2,455,0,81
111,stalled,1,2,433,0,39
112,stalled,6,7,981,4,1443
113,stalled,2,3,631,0,77
114,stalled,5,6,1070,0,1906
115,stalled,3,4,592,0,619
116,stalled,2,3,590,0,124
117,stalled,1,2,449,0,54
118,stalled,1,2,458,0,30
119,stalled,2,3,546,0,289
120,stalled,3,4,767,2,310
121,stalled,2,3,457,3,1585
122,stalled,2,3,598,0,115
123,stalled,1,2,489,0,40
124,stalled,4,5,754,0,482
125,stalled,2,3,646,0,87
126,stalled,2,3,557,0,1976
127,stalled,1,2,457,0,45
128,stalled,2,3,566,0,436
129,stalled,1,2,439,0,39
130,stalled,1,2,369,0,142
131,stalled,10,11,1486,6,2001
132,stalled,2,3,397,2,987
133,stalled,1,2,398,0,189
134,stalled,6,7,942,2,947
135,stalled,2,3,645,0,80
136,stalled,9,10,1865,0,654
137,stalled,4,5,914,0,5256
138,stalled,2,3,538,0,252
139,stalled,1,2,435,0,52
140,stalled,2,3,695,0,82
141,stalled,2,3,643,0,69
142,stalled,2,3,554,0,182
143,stalled,1,2,410,2,153
144,stalled,1,2,389,0,25
145,stalled,2,3,600,2,538
146,stalled,1,2,417,0,54
147,stalled,3,4,399,3,608
148,stalled,2,3,600,3,131
149,stalled,2,3,478,2,219
150,stalled,5,6,1059,0,1088
151,stalled,2,3,638,0,143
152,stalled,2,3,492,2,282
153,stalled,6,7,1004,4,1747
154,stalled,1,2,427,0,62
155,stalled,2,3,618,0,111
156,stalled,3,4,633,0,3740
157,stalled,1,2,424,0,74
158,stalled,4,5,825,0,2350
159,stalled,4,5,1014,0,398
160,stalled,2,3,508,0,157
161,stalled,10,11,1715,2,2561
162,stalled,2,3,591,0,169
163,stalled,1,2,378,0,101
164,stalled,1,2,388,0,133
165,stalled,1,2,400,0,72
166,stalled,1,2,406,0,130
167,stalled,2,3,632,0,78
168,stalled,6,7,1226,0,2179
169,stalled,1,2,341,0,229
170,stalled,3,4,709,0,388
171,stalled,1,2,387,0,80
172,stalled,1,2,426,0,56
173,stalled,2,3,605,0,83
174,stalled,4,5,1018,0,492
175,stalled,1,2,438,0,81
176,stalled,1,2,403,0,50
177,stalled,2,3,622,0,231
178,stalled,5,6,473,4,717
179,stalled,4,5,923,2,550
180,stalled,2,3,613,0,183
181,stalled,4,5,771,2,1411
182,stalled,2,3,566,0,240
183,stalled,2,3,474,0,153
184,stalled,4,5,807,0,463
185,stalled,5,6,641,0,1131
186,stalled,1,2,406,0,100
187,stalled,3,4,651,3,422
188,stalled,2,3,619,0,102
189,stalled,4,5,553,2,1841
190,stalled,2,3,560,4,299
191,stalled,1,2,441,0,51
192,stalled,2,3,582,0,890
193,stalled,1,2,423,0,51
194,stalled,1,2,409,0,50
195,stalled,2,3,664,0,116
196,stalled,1,2,461,0,49
197,stalled,9,10,1827,2,817
198,stalled,2,3,422,3,309
199,stalled,3,4,651,4,257
200,stalled,4,5,934,0,246
201,stalled,2,3,587,0,360
202,stalled,2,3,646,0,85
203,stalled,1,2,409,0,56
204,stalled,2,3,614,0,171
205,stalled,1,2,430,0,40
206,stalled,1,2,436,0,59
207,stalled,2,3,575,0,187
208,stalled,1,2,412,0,55
209,stalled,3,4,755,3,325
210,stalled,1,2,445,0,41
211,stalled,6,7,1263,0,3558
212,stalled,3,4,782,0,225
213,stalled,2,3,575,0,143
214,stalled,2,3,660,0,72
215,stalled,5,6,799,0,9638
216,stalled,1,2,400,0,70
217,stalled,7,8,1041,1,1255
218,stalled,1,2,443,0,55
219,stalled,7,8,1370,0,862
220,stalled,2,3,631,0,102
221,stalled,4,5,855,0,2645
222,stalled,2,3,699,0,54
223,stalled,3,4,887,0,118
224,stalled,1,2,442,0,37
225,stalled,2,3,604,0,67
226,stalled,3,4,755,2,404
227,stalled,2,3,663,0,108
228,stalled,1,2,410,0,43
229,stalled,2,3,565,0,163
230,stalled,1,2,366,0,59
231,stalled,3,4,385,14,694
232,stalled,2,3,674,0,74
233,stalled,3,4,552,2,462
234,stalled,2,3,606,0,128
235,stalled,1,2,462,0,86
236,stalled,1,2,419,0,70
237,stalled,2,3,416,9,953
238,stalled,1,2,416,0,78
239,stalled,2,3,440,4,291
240,stalled,2,3,438,5,266
241,stalled,3,4,744,0,381
242,stalled,4,5,767,2,5610
243,stalled,3,4,791,2,325
244,stalled,1,2,342,0,128
245,stalled,2,3,455,4,335
246,stalled,3,4,515,0,780
247,stalled,2,3,561,2,180
248,stalled,1,2,447,0,62
249,stalled,1,2,425,0,67
250,stalled,2,3,516,0,99
251,stalled,1,2,431,0,49
252,stalled,2,3,631,0,132
253,stalled,2,3,569,2,256
254,stalled,5,6,453,15,521
255,stalled,1,2,397,0,138
256,stalled,2,3,615,0,99
257,stalled,3,4,536,5,610
258,stalled,1,2,468,0,49
259,stalled,13,14,1804,0,1655
260,stalled,2,3,458,2,244
261,stalled,1,2,422,0,74
262,stalled,2,3,688,0,117
263,stalled,1,2,393,0,65
264,stalled,1,2,399,0,40
265,stalled,1,2,426,0,56
266,stalled,1,2,396,0,58
267,stalled,2,3,657,0,156
268,stalled,1,2,459,0,40
269,stalled,2,3,655,0,111
270,stalled,4,5,876,0,427
271,stalled,1,2,408,0,44
272,stalled,1,2,421,0,73
273,stalled,1,2,419,0,62
274,stalled,2,3,220,0,452
275,stalled,5,6,390,3,560
276,stalled,2,3,630,0,66
277,stalled,2,3,600,0,89
278,stalled,2,3,430,0,482
279,stalled,2,3,509,0,266
280,stalled,2,3,593,1,138
281,stalled,2,3,654,0,77
282,stalled,1,2,384,0,123
283,stalled,2,3,591,0,103
284,stalled,1,2,424,0,61
285,stalled,3,4,676,2,429
286,stalled,5,6,924,2,14472
287,stalled,7,8,1022,0,1751
288,stalled,2,3,605,0,102
289,stalled,3,4,497,2,593
290,stalled,3,4,524,4,942
291,stalled,2,3,358,0,511
292,stalled,2,3,590,0,96
293,stalled,2,3,614,0,163
294,stalled,4,5,512,0,1141
295,stalled,4,5,958,0,357
296,stalled,5,6,1084,0,1619
297,stalled,3,4,718,0,640
298,stalled,2,3,400,12,338
299,stalled,1,2,351,0,265
300,stalled,1,2,457,0,53
301,stalled,2,3,551,0,168
302,stalled,2,3,519,2,342
303,stalled,4,5,934,2,1008
304,stalled,4,5,796,0,1932
305,stalled,1,2,350,0,254
306,stalled,1,2,429,0,92
307,stalled,2,3,589,0,225
308,stalled,3,4,663,0,267
309,stalled,1,2,451,0,70
310,stalled,2,3,537,0,321
311,stalled,3,4,789,0,153
312,stalled,1,2,385,0,111
313,stalled,3,4,789,0,424
314,stalled,2,3,618,0,186
315,stalled,2,3,538,1,183
316,stalled,1,2,406,0,54
317,stalled,2,3,565,0,187
318,stalled,2,3,633,0,165
319,stalled,1,2,409,0,42
320,stalled,2,3,659,0,83
321,stalled,1,2,451,0,79
322,stalled,1,2,389,0,40
323,stalled,2,3,595,0,112
324,stalled,1,2,413,0,81
325,stalled,1,2,437,0,85
326,stalled,4,5,859,2,985
327,stalled,2,3,556,0,197
328,stalled,1,2,413,0,65
329,stalled,1,2,370,0,141
330,stalled,1,2,417,0,69
331,stalled,10,11,1548,2,1891
332,stalled,1,2,431,0,53
333,stalled,7,8,1213,2,816
334,stalled,6,7,965,2,820
335,stalled,9,10,1700,0,1249
336,stalled,5,6,522,11,816
337,stalled,1,2,402,0,84
338,stalled,3,4,587,0,468
339,stalled,2,3,549,4,2023
340,stalled,2,3,611,0,105
341,stalled,1,2,449,0,54
342,stalled,2,3,590,0,173
343,stalled,1,2,411,0,69
344,stalled,2,3,579,0,132
345,stalled,2,3,578,0,220
346,stalled,2,3,601,0,281
347,stalled,2,3,667,0,62
348,stalled,1,2,412,2,105
349,stalled,2,3,419,2,5396
350,stalled,2,3,616,0,256
351,stalled,3,4,629,2,491
352,stalled,1,2,481,0,96
353,stalled,1,2,378,0,94
354,stalled,3,4,628,0,553
355,stalled,2,3,601,0,114
356,stalled,4,5,718,5,444
357,stalled,2,3,630,0,72
358,stalled,3,4,720,0,319
359,stalled,4,5,909,0,762
360,stalled,1,2,407,0,50
361,stalled,2,3,642,0,125
362,stalled,2,3,542,3,185
363,stalled,3,4,673,0,565
364,stalled,1,2,427,0,117
365,stalled,1,2,392,0,52
366,stalled,1,2,403,0,39
367,stalled,1,2,402,0,69
368,stalled,1,2,429,0,56
369,stalled,2,3,455,0,480
370,stalled,2,3,554,2,927
371,stalled,3,4,782,2,228
372,stalled,4,5,981,1,418
373,stalled,2,3,613,0,146
374,stalled,4,5,843,0,1258
375,stalled,3,4,737,0,1312
376,stalled,8,9,894,5,1936
377,stalled,3,4,599,4,1025
378,stalled,2,3,485,0,644
379,stalled,2,3,640,0,330
380,stalled,2,3,593,0,244
381,stalled,1,2,413,0,48
382,stalled,5,6,709,0,698
383,stalled,2,3,501,3,226
384,stalled,1,2,453,0,124
385,stalled,1,2,479,0,41
386,stalled,1,2,426,0,54
387,stalled,3,4,794,0,234
388,stalled,2,3,519,1,791
389,stalled,1,2,404,0,469
390,stalled,1,2,476,0,59
391,stalled,2,3,459,2,489
392,stalled,2,3,656,0,74
393,stalled,5,6,956,0,879
394,stalled,2,3,589,0,103
395,stalled,2,3,603,0,147
396,stalled,5,6,1016,1,682
397,stalled,1,2,457,0,45
398,stalled,2,3,480,1,175
399,stalled,3,4,785,0,1586
400,stalled,3,4,681,0,371
401,stalled,2,3,534,0,706
402,stalled,5,6,1076,0,724
403,stalled,1,2,476,0,62
404,stalled,7,8,972,3,939
405,stalled,3,4,714,2,1899
406,stalled,2,3,578,0,112
407,stalled,1,2,443,0,52
408,stalled,1,2,423,0,94
409,stalled,1,2,385,0,248
410,stalled,5,6,953,4,652
411,stalled,1,2,443,0,78
412,stalled,4,5,874,0,1283
413,stalled,2,3,626,5,228
414,stalled,2,3,488,0,327
415,stalled,1,2,471,0,61
416,stalled,7,8,1136,2,1195
417,stalled,1,2,380,0,422
418,budget,4,5,570,3,19430
419,stalled,2,3,669,0,153
420,stalled,3,4,837,0,335
421,stalled,2,3,583,0,126
422,stalled,1,2,437,0,190
423,stalled,1,2,394,0,92
424,stalled,3,4,599,3,775
425,stalled,5,6,793,9,945
426,stalled,2,3,611,0,243
427,stalled,3,4,540,2,443
428,stalled,2,3,621,0,83
429,stalled,4,5,862,0,382
430,stalled,1,2,441,0,73
431,stalled,3,4,465,8,754
432,stalled,2,3,359,2,2965
433,stalled,2,3,551,0,131
434,stalled,2,3,626,0,59
435,stalled,3,4,899,0,145
436,stalled,3,4,744,1,179
437,stalled,2,3,513,2,254
438,stalled,2,3,564,4,214
439,stalled,2,3,501,2,309
440,stalled,2,3,676,0,99
441,stalled,2,3,577,0,277
442,stalled,3,4,835,1,207
443,stalled,2,3,610,0,56
444,stalled,2,3,567,3,194
445,stalled,2,3,560,0,103
446,stalled,1,2,416,0,103
447,stalled,2,3,656,0,90
448,stalled,1,2,419,0,83
449,stalled,1,2,332,4,104
450,stalled,3,4,795,2,250
451,stalled,1,2,417,0,59
452,stalled,1,2,436,0,44
453,stalled,8,9,951,2,1431
454,stalled,2,3,668,0,158
455,stalled,1,2,435,0,60
456,stalled,2,3,633,0,115
457,stalled,3,4,562,2,685
458,stalled,2,3,655,0,126
459,stalled,2,3,520,0,378
460,stalled,2,3,365,3,232
461,stalled,2,3,617,1,99
462,stalled,1,2,374,0,82
463,stalled,1,2,425,0,70
464,stalled,2,3,597,0,113
465,stalled,2,3,657,0,59
466,stalled,2,3,557,0,107
467,stalled,6,7,1262,0,1046
468,stalled,1,2,408,0,61
469,stalled,5,6,888,0,940
470,stalled,4,5,834,1,1327
471,stalled,9,10,1594,4,1684
472,stalled,4,5,812,0,314
473,stalled,2,3,577,0,401
474,stalled,2,3,598,0,102
475,stalled,4,5,678,0,1015
476,stalled,2,3,560,0,522
477,stalled,4,5,851,0,517
478,stalled,2,3,519,0,361
479,stalled,3,4,839,0,331
480,stalled,1,2,409,0,36
481,stalled,1,2,442,0,52
482,stalled,2,3,576,1,279
483,stalled,5,6,690,4,2645
484,stalled,2,3,638,0,118
485,stalled,4,5,896,0,235
486,stalled,2,3,601,0,169
487,stalled,2,3,645,0,70
488,stalled,1,2,426,0,96
489,stalled,1,2,389,0,38
490,stalled,1,2,442,0,51
491,stalled,1,2,434,0,49
492,stalled,1,2,384,2,98
493,stalled,2,3,636,0,158
494,stalled,2,3,595,0,91
495,stalled,4,5,679,2,1155
496,stalled,2,3,613,0,91
497,stalled,1,2,445,0,53
498,stalled,2,3,626,0,203
499,stalled,4,5,807,2,521
500,stalled,3,4,781,0,286
501,stalled,4,5,866,2,344
502,stalled,1,2,421,0,43
503,stalled,6,7,1122,0,740
504,stalled,2,3,556,1,216
505,stalled,1,2,441,0,62
506,stalled,3,4,868,1,162
507,stalled,2,3,550,2,147
508,stalled,1,2,473,0,44
509,stalled,1,2,416,0,71
510,stalled,2,3,566,0,227
511,stalled,2,3,669,0,138
512,stalled,1,2,462,0,56
513,stalled,9,10,1198,0,6013
514,stalled,1,2,439,0,41
515,stalled,2,3,631,0,210
516,stalled,5,6,992,2,594
517,stalled,4,5,1062,0,600
518,stalled,3,4,489,2,336
519,stalled,2,3,627,0,156
520,stalled,2,3,583,0,105
521,stalled,2,3,565,3,158
522,stalled,1,2,437,0,65
523,stalled,2,3,476,0,242
524,stalled,2,3,642,0,67
525,stalled,5,6,520,6,2502
526,stalled,1,2,446,0,81
527,stalled,1,2,401,0,56
528,stalled,4,5,837,0,418
529,stalled,2,3,585,0,310
530,stalled,1,2,455,0,48
531,stalled,2,3,623,0,103
532,stalled,1,2,407,0,59
533,stalled,10,11,938,2,2802
534,stalled,2,3,648,0,112
535,stalled,2,3,423,9,294
536,stalled,3,4,766,0,193
537,stalled,4,5,805,0,1235
538,stalled,2,3,633,0,138
539,stalled,4,5,807,0,579
540,stalled,2,3,627,0,139
541,stalled,3,4,779,0,259
542,stalled,2,3,470,0,430
543,stalled,1,2,437,0,51
544,stalled,1,2,386,0,108
545,stalled,1,2,435,0,76
546,stalled,3,4,778,0,332
547,stalled,2,3,585,0,103
548,stalled,3,4,755,0,450
549,stalled,6,7,1125,0,1647
550,stalled,9,10,1393,0,2256
551,stalled,5,6,544,9,4139
552,stalled,9,10,1833,0,958
553,stalled,2,3,632,0,154
554,stalled,7,8,1016,2,1150
555,stalled,1,2,433,0,42
556,stalled,9,10,1124,4,1461
557,stalled,5,6,906,0,1474
558,stalled,3,4,621,0,471
559,stalled,2,3,560,0,311
560,stalled,2,3,594,0,112
561,stalled,1,2,404,0,52
562,stalled,2,3,365,3,372
563,stalled,1,2,413,3,109
564,stalled,2,3,611,0,121
565,stalled,1,2,421,0,43
566,stalled,3,4,559,0,1134
567,stalled,2,3,560,0,368
568,stalled,6,7,777,8,1103
569,stalled,2,3,465,1,252
570,stalled,4,5,880,0,710
571,stalled,1,2,465,0,45
572,stalled,2,3,574,0,120
573,stalled,1,2,406,0,112
574,stalled,1,2,463,0,47
575,stalled,1,2,420,0,47
576,stalled,3,4,900,0,183
577,stalled,1,2,460,0,39
578,stalled,5,6,586,8,1013
579,stalled,2,3,559,0,1029
580,stalled,4,5,802,2,1213
581,stalled,1,2,437,0,84
582,stalled,2,3,638,0,74
583,stalled,1,2,428,0,63
584,stalled,3,4,396,2,1094
585,stalled,2,3,577,0,135
586,stalled,2,3,652,0,107
587,stalled,2,3,648,0,170
588,stalled,6,7,1420,0,762
589,stalled,2,3,401,2,974
590,stalled,3,4,552,3,764
591,stalled,1,2,426,0,163
592,stalled,2,3,527,0,974
593,stalled,4,5,582,15,1368
594,stalled,3,4,520,3,375
595,stalled,1,2,437,0,57
596,stalled,2,3,581,0,189
597,stalled,1,2,401,0,61
598,stalled,2,3,588,2,438
599,stalled,3,4,822,0,470
600,stalled,2,3,575,0,170
601,stalled,1,2,437,0,64
602,stalled,3,4,790,0,1880
603,stalled,2,3,607,0,90
604,stalled,4,5,1077,0,349
605,stalled,5,6,1200,0,768
606,stalled,1,2,433,0,67
607,stalled,4,5,372,4,731
608,stalled,1,2,449,0,50
609,stalled,2,3,485,3,190
610,stalled,2,3,622,0,204
611,stalled,2,3,660,0,264
612,stalled,1,2,441,0,50
613,stalled,2,3,420,3,521
614,stalled,1,2,435,0,89
615,stalled,3,4,624,2,2237
616,stalled,2,3,562,0,245
617,stalled,1,2,444,0,53
618,stalled,2,3,535,2,420
619,stalled,2,3,552,0,124
620,stalled,2,3,364,0,461
621,stalled,2,3,437,0,338
622,stalled,4,5,681,0,15730
623,stalled,1,2,445,0,85
624,stalled,5,6,690,4,897
625,stalled,2,3,551,0,188
626,stalled,2,3,595,0,151
627,stalled,1,2,389,0,41
628,stalled,2,3,590,0,174
629,stalled,5,6,1005,0,244
630,stalled,2,3,576,0,131
631,stalled,4,5,975,0,411
632,stalled,1,2,430,0,44
633,stalled,2,3,541,0,1375
634,stalled,5,6,1255,1,1021
635,stalled,1,2,437,0,92
636,stalled,2,3,524,0,293
637,stalled,2,3,637,0,178
638,stalled,5,6,883,4,1229
639,stalled,2,3,673,0,80
640,stalled,1,2,418,0,187
641,stalled,2,3,590,0,183
642,stalled,2,3,590,0,106
643,stalled,5,6,1056,0,685
644,stalled,1,2,425,0,108
645,stalled,2,3,610,0,110
646,stalled,2,3,633,0,76
647,stalled,1,2,437,0,46
648,stalled,3,4,418,2,608
649,stalled,2,3,436,0,943
650,stalled,3,4,480,1,2647
651,stalled,2,3,437,5,477
652,stalled,1,2,403,0,117
653,stalled,4,5,854,0,4079
654,stalled,5,6,1195,0,2535
655,stalled,1,2,394,0,49
656,stalled,1,2,402,0,42
657,stalled,2,3,605,0,199
658,stalled,1,2,444,0,52
659,stalled,5,6,1236,1,421
660,stalled,3,4,775,2,179
661,stalled,3,4,620,2,298
662,stalled,2,3,576,2,265
663,stalled,2,3,643,0,550
664,stalled,2,3,400,2,504
665,stalled,2,3,595,0,178
666,stalled,2,3,563,0,201
667,stalled,3,4,593,0,942
668,stalled,4,5,930,1,711
669,stalled,5,6,840,4,710
670,stalled,1,2,407,0,76
671,stalled,1,2,422,0,131
672,stalled,2,3,631,0,124
673,stalled,1,2,420,0,276
674,stalled,6,7,1366,0,2502
675,stalled,2,3,625,0,89
676,stalled,1,2,441,0,32
677,stalled,2,3,629,0,78
678,stalled,3,4,542,0,703
679,stalled,2,3,558,0,782
680,stalled,2,3,664,0,86
681,stalled,4,5,1005,0,282
682,stalled,1,2,396,0,79
683,stalled,2,3,661,0,82
684,stalled,1,2,477,0,38
685,stalled,5,6,882,0,398
686,stalled,2,3,596,0,73
687,stalled,1,2,402,0,131
688,stalled,7,8,1266,0,1260
689,stalled,4,5,766,4,742
690,stalled,3,4,772,0,777
691,stalled,1,2,438,0,85
692,stalled,3,4,619,2,2988
693,stalled,2,3,564,0,139
694,stalled,1,2,437,0,50
695,stalled,1,2,437,0,55
696,stalled,2,3,622,0,116
697,stalled,2,3,557,0,148
698,stalled,2,3,421,0,786
699,stalled,1,2,380,0,102
700,stalled,2,3,572,0,386
701,stalled,1,2,397,0,361
702,stalled,2,3,726,0,93
703,stalled,1,2,449,0,151
704,stalled,2,3,655,0,67
705,stalled,2,3,650,0,104
706,stalled,2,3,467,2,416
707,stalled,2,3,483,2,303
708,stalled,2,3,658,0,114
709,stalled,2,3,540,3,983
710,stalled,3,4,538,1,585
711,stalled,4,5,486,0,1400
712,stalled,1,2,400,0,83
713,stalled,2,3,587,0,95
714,stalled,1,2,424,0,48
715,stalled,2,3,607,0,77
716,stalled,3,4,625,4,530
717,stalled,1,2,409,0,47
718,stalled,3,4,738,0,226
719,stalled,4,5,926,3,313
720,stalled,2,3,625,0,125
721,stalled,7,8,1455,2,845
722,stalled,1,2,431,0,55
723,stalled,2,3,504,0,146
724,stalled,1,2,399,0,40
725,stalled,3,4,814,0,213
726,stalled,1,2,373,0,70
727,stalled,4,5,883,1,387
728,stalled,2,3,564,0,141
729,stalled,2,3,606,0,70
730,stalled,1,2,435,0,44
731,stalled,2,3,597,0,152
732,stalled,2,3,709,0,56
733,stalled,1,2,409,0,48
734,stalled,1,2,442,0,51
735,stalled,2,3,126,7,360
736,stalled,4,5,912,0,568
737,stalled,1,2,427,0,58
738,stalled,2,3,593,0,104
739,stalled,1,2,390,0,76
740,stalled,1,2,449,0,63
741,stalled,4,5,854,0,1312
742,stalled,2,3,624,0,129
743,stalled,1,2,397,0,285
744,stalled,1,2,474,0,53
745,stalled,1,2,331,3,1573
746,stalled,2,3,408,0,601
747,stalled,1,2,442,0,80
748,stalled,3,4,758,0,849
749,stalled,7,8,1091,3,952
750,stalled,1,2,419,0,49
751,stalled,1,2,421,0,60
752,stalled,3,4,619,2,706
753,stalled,6,7,1138,0,1827
754,stalled,1,2,439,0,35
755,stalled,7,8,1292,2,962
756,stalled,4,5,943,0,344
757,stalled,1,2,335,7,192
758,stalled,2,3,647,0,198
759,stalled,8,9,1430,3,1350
760,stalled,2,3,569,0,202
761,stalled,2,3,480,0,468
762,stalled,7,8,1262,0,2624
763,stalled,1,2,428,0,49
764,stalled,2,3,465,2,383
765,stalled,5,6,1202,1,411
766,stalled,2,3,534,0,201
767,stalled,6,7,958,0,1532
768,stalled,2,3,667,0,162
769,stalled,1,2,406,0,58
770,stalled,3,4,688,1,878
771,stalled,6,7,1097,0,1070
772,stalled,1,2,350,0,1041
773,stalled,2,3,398,1,2438
774,stalled,4,5,750,2,641
775,stalled,3,4,564,1,565
776,stalled,1,2,425,0,131
777,stalled,2,3,603,0,185
778,stalled,4,5,617,2,1179
779,stalled,1,2,439,0,65
780,stalled,1,2,358,0,70
781,stalled,2,3,358,0,368
782,stalled,4,5,869,0,528
783,stalled,5,6,468,7,699
784,stalled,2,3,408,5,11691
785,stalled,2,3,599,0,108
786,stalled,3,4,488,4,2389
787,stalled,2,3,360,1,335
788,stalled,4,5,1037,0,293
789,stalled,2,3,622,2,84
790,stalled,2,3,581,0,178
791,stalled,2,3,321,0,165
792,stalled,2,3,577,2,130
793,stalled,2,3,599,1,174
794,stalled,2,3,641,0,128
795,stalled,5,6,788,1,827
796,stalled,4,5,1004,0,480
797,stalled,1,2,437,0,77
798,stalled,3,4,786,0,325
799,stalled,3,4,874,0,228
800,stalled,1,2,463,0,64
801,stalled,1,2,375,0,121
802,stalled,2,3,636,0,346
803,stalled,2,3,626,0,121
804,stalled,2,3,387,9,333
805,stalled,1,2,427,0,53
806,stalled,2,3,574,0,212
807,stalled,1,2,445,0,41
808,stalled,1,2,391,0,29
809,stalled,4,5,731,3,1636
810,stalled,4,5,989,0,249
811,stalled,2,3,621,2,199
812,stalled,2,3,649,0,92
813,stalled,2,3,590,0,216
814,stalled,2,3,657,0,114
815,stalled,1,2,424,0,39
816,stalled,6,7,1282,0,931
817,stalled,2,3,490,0,548
818,stalled,4,5,877,3,399
819,stalled,2,3,523,0,1713
820,stalled,3,4,763,0,292
821,stalled,1,2,356,7,334
822,stalled,4,5,1122,0,205
823,stalled,5,6,820,2,688
824,stalled,1,2,421,0,41
825,stalled,2,3,434,0,417
826,stalled,1,2,390,0,72
827,stalled,9,10,1408,1,2410
828,stalled,3,4,427,2,910
829,stalled,1,2,431,0,48
830,stalled,3,4,746,0,1038
831,stalled,2,3,503,1,1996
832,stalled,2,3,669,0,72
833,stalled,3,4,583,5,584
834,stalled,1,2,466,0,79
835,stalled,1,2,405,0,106
836,stalled,2,3,666,0,146
837,stalled,3,4,730,0,2938
838,stalled,1,2,318,2,502
839,stalled,2,3,648,0,139
840,stalled,5,6,865,0,5160
841,stalled,1,2,430,0,128
842,stalled,2,3,554,0,161
843,stalled,2,3,629,0,190
844,stalled,1,2,440,0,73
845,stalled,2,3,500,1,220
846,stalled,2,3,573,2,193
847,stalled,2,3,630,0,209
848,stalled,2,3,550,0,325
849,stalled,2,3,637,0,74
850,stalled,2,3,460,2,345
851,stalled,1,2,448,0,47
852,stalled,1,2,399,0,94
853,stalled,2,3,609,0,81
854,stalled,1,2,457,0,39
855,stalled,1,2,422,0,42
856,stalled,2,3,603,0,846
857,stalled,2,3,606,0,89
858,stalled,2,3,606,0,88
859,stalled,5,6,1054,0,1109
860,stalled,2,3,610,0,72
861,stalled,2,3,632,0,121
862,stalled,2,3,576,0,1122
863,stalled,2,3,489,0,344
864,stalled,2,3,621,0,183
865,stalled,2,3,542,2,361
866,stalled,4,5,788,2,1157
867,stalled,2,3,557,0,238
868,stalled,1,2,451,0,45
869,stalled,2,3,480,0,199
870,stalled,3,4,712,1,410
871,stalled,1,2,433,0,40
872,stalled,2,3,611,0,166
873,stalled,2,3,639,0,55
874,stalled,2,3,685,0,107
875,stalled,3,4,744,0,424
876,stalled,1,2,366,0,189
877,stalled,2,3,624,0,74
878,stalled,7,8,547,8,845
879,stalled,1,2,398,0,155
880,stalled,1,2,432,0,79
881,stalled,1,2,391,0,111
882,stalled,2,3,562,1,669
883,stalled,2,3,460,0,424
884,stalled,1,2,440,0,63
885,stalled,2,3,553,0,188
886,stalled,3,4,752,0,323
887,stalled,4,5,856,0,389
888,stalled,5,6,881,0,891
889,stalled,2,3,632,0,188
890,stalled,2,3,616,0,82
891,stalled,1,2,396,0,78
892,stalled,2,3,476,2,460
893,stalled,1,2,415,0,54
894,stalled,3,4,600,2,346
895,stalled,2,3,541,0,81
896,stalled,2,3,623,0,298
897,stalled,1,2,423,0,141
898,stalled,4,5,799,3,385
899,stalled,1,2,440,0,107
900,stalled,2,3,631,0,279
901,stalled,2,3,634,0,90
902,stalled,1,2,407,0,52
903,stalled,6,7,1165,1,3859
904,stalled,3,4,722,0,260
905,stalled,2,3,355,10,437
906,stalled,1,2,453,0,83
907,stalled,6,7,1053,2,981
908,stalled,3,4,823,0,195
909,stalled,2,3,555,0,251
910,stalled,2,3,684,0,146
911,stalled,1,2,465,0,44
912,stalled,2,3,610,0,245
913,stalled,2,3,654,0,75
914,stalled,2,3,585,0,94
915,stalled,1,2,416,0,144
916,stalled,7,8,1098,0,1607
917,stalled,1,2,373,0,287
918,stalled,3,4,883,0,184
919,stalled,2,3,469,0,676
920,stalled,2,3,563,0,164
921,stalled,2,3,600,0,98
922,stalled,1,2,411,0,68
923,stalled,2,3,622,0,219
924,stalled,1,2,431,0,68
925,stalled,2,3,620,0,142
926,stalled,1,2,447,0,64
927,stalled,2,3,479,6,432
928,stalled,7,8,602,5,1281
929,stalled,2,3,596,0,126
930,stalled,2,3,596,0,190
931,stalled,5,6,784,2,881
932,stalled,5,6,600,2,2554
933,stalled,2,3,641,0,167
934,stalled,3,4,749,2,164
935,stalled,1,2,363,2,201
936,stalled,2,3,649,0,62
937,stalled,1,2,415,0,158
938,stalled,1,2,348,0,239
939,stalled,7,8,703,14,1147
940,stalled,3,4,813,0,195
941,stalled,2,3,611,0,85
942,stalled,3,4,662,5,549
943,stalled,1,2,393,0,49
944,stalled,1,2,430,0,56
945,stalled,2,3,515,4,305
946,stalled,2,3,612,0,161
947,stalled,1,2,456,0,59
948,stalled,2,3,646,0,122
949,stalled,2,3,501,0,131
950,stalled,1,2,387,0,99
951,stalled,2,3,461,4,264
952,stalled,1,2,420,0,82
953,stalled,3,4,764,1,228
954,stalled,4,5,727,2,431
955,stalled,1,2,371,0,43
956,stalled,2,3,587,0,87
957,stalled,1,2,416,0,72
958,stalled,1,2,392,0,91
959,stalled,6,7,608,6,1105
960,stalled,2,3,616,0,166
961,stalled,2,3,607,0,124
962,stalled,1,2,435,0,44
963,stalled,1,2,452,0,62
964,stalled,1,2,419,0,38
965,stalled,3,4,630,0,1271
966,stalled,3,4,749,1,142
967,stalled,1,2,442,0,111
968,stalled,2,3,538,3,256
969,stalled,1,2,413,0,70
970,stalled,2,3,560,2,930
971,stalled,2,3,578,0,265
972,stalled,2,3,448,6,196
973,stalled,5,6,1044,0,1032
974,stalled,5,6,918,2,5796
975,stalled,1,2,439,0,87
976,stalled,2,3,511,2,395
977,stalled,2,3,649,0,140
978,stalled,2,3,566,0,601
979,stalled,2,3,606,0,158
980,stalled,2,3,637,0,160
981,stalled,1,2,412,0,60
982,stalled,1,2,413,0,70
983,stalled,2,3,545,0,274
984,stalled,1,2,423,0,62
985,stalled,2,3,711,0,110
986,stalled,3,4,637,0,615
987,stalled,4,5,1011,0,306
988,stalled,4,5,869,0,1209
989,stalled,4,5,648,3,837
990,stalled,2,3,686,0,77
991,stalled,5,6,515,2,1117
992,stalled,1,2,379,0,292
993,stalled,1,2,448,0,59
994,stalled,4,5,449,5,651
995,stalled,2,3,679,0,83
996,stalled,5,6,698,4,1144
997,stalled,1,2,439,0,54
998,stalled,2,3,617,0,117
999,stalled,5,6,824,6,1013
